"id_video","path_video"
"1","video_1.mp4"
"2","video_2.mp4"
"3","video_3.mp4"
"4","video_4.mp4"
"5","video_5.mp4"
"6","video_6.mp4"
"7","video_7.mp4"
"8","video_8.mp4"
"9","video_9.mp4"
"10","video_10.mp4"
"11","video_11.mp4"
"12","video_12.mp4"
"13","video_13.mp4"
"14","video_14.mp4"
"15","video_15.mp4"
"16","video_16.mp4"
"17","video_17.mp4"
"18","video_18.mp4"
"19","video_19.mp4"
"20","video_20.mp4"
"21","video_21.mp4"
"22","video_22.mp4"
"23","video_23.mp4"
"24","video_24.mp4"
"25","video_25.mp4"
"26","video_26.mp4"
"27","video_27.mp4"
"28","video_28.mp4"
"29","video_29.mp4"
"30","video_30.mp4"
"31","video_31.mp4"
"32","video_32.mp4"
"33","video_33.mp4"
"34","video_34.mp4"
"35","video_35.mp4"
"36","video_36.mp4"
"37","video_37.mp4"
"38","video_38.mp4"
"39","video_39.mp4"
"40","video_40.mp4"
"41","video_41.mp4"
"42","video_42.mp4"
"43","video_43.mp4"
"44","video_44.mp4"
"45","video_45.mp4"
"46","video_46.mp4"
"47","video_47.mp4"
"48","video_48.mp4"
"49","video_49.mp4"
"50","video_50.mp4"
"51","video_51.mp4"
"52","video_52.mp4"
"53","video_53.mp4"
"54","video_54.mp4"
"55","video_55.mp4"
"56","video_56.mp4"
"57","video_57.mp4"
"58","video_58.mp4"
"59","video_59.mp4"
"60","video_60.mp4"
"61","video_61.mp4"
"62","video_62.mp4"
"63","video_63.mp4"
"64","video_64.mp4"
"65","video_65.mp4"
"66","video_66.mp4"
"67","video_67.mp4"
"68","video_68.mp4"
"69","video_69.mp4"
"70","video_70.mp4"
"71","video_71.mp4"
"72","video_72.mp4"
"73","video_73.mp4"
"74","video_74.mp4"
"75","video_75.mp4"
"76","video_76.mp4"
"77","video_77.mp4"
"78","video_78.mp4"
"79","video_79.mp4"
"80","video_80.mp4"
"81","video_81.mp4"
"82","video_82.mp4"
"83","video_83.mp4"
"84","video_84.mp4"
"85","video_85.mp4"
"86","video_86.mp4"
"87","video_87.mp4"
"88","video_88.mp4"
"89","video_89.mp4"
"90","video_90.mp4"
"91","video_91.mp4"
"92","video_92.mp4"
"93","video_93.mp4"
"94","video_94.mp4"
"95","video_95.mp4"
"96","video_96.mp4"
"97","video_97.mp4"
"98","video_98.mp4"
"99","video_99.mp4"
"100","video_100.mp4"
